Date,Adj Close,Close,High,Low,Open,Volume
,RELIANCE.NS,RELIANCE.NS,RELIANCE.NS,RELIANCE.NS,RELIANCE.NS,RELIANCE.NS
2021-01-01,892.4838256835938,917.23095703125,921.6151733398438,914.6926879882812,917.461669921875,10015175
2021-01-04,893.9882202148438,918.7769775390625,922.4920043945312,908.231689453125,920.7383422851562,24513534
2021-01-05,882.8742065429688,907.3548583984375,915.4310913085938,902.6936645507812,908.6931762695312,24123091
2021-01-06,859.591064453125,883.4260864257812,907.3086547851562,879.2264404296875,907.2625122070312,46401468
2021-01-07,858.198974609375,881.9954223632812,897.6171875,879.2264404296875,886.3104248046875,32325918
2021-01-08,868.3250122070312,892.4022216796875,894.5712890625,882.433837890625,885.1566772460938,27540187
2021-01-11,851.9570922851562,875.58056640625,894.755859375,873.388427734375,894.755859375,33307825
2021-01-12,878.8103637695312,903.1782836914062,904.5396728515625,876.8035278320312,878.2341918945312,41161546
2021-01-13,870.6151123046875,894.755859375,911.4390869140625,885.3643798828125,906.177978515625,26619458
2021-01-14,880.4044189453125,904.8165893554688,907.7240600585938,894.8712768554688,897.6171875,21553242
2021-01-15,870.0089111328125,894.1328735351562,910.9083862304688,886.102783203125,904.8165893554688,20593268
2021-01-18,890.8897094726562,915.5925903320312,921.6151733398438,887.625732421875,899.5093383789062,35100458
2021-01-19,905.4613647460938,930.5682983398438,937.30615234375,920.5306396484375,920.5306396484375,32006615
2021-01-20,922.659912109375,948.2437133789062,949.7666625976562,923.645751953125,932.8757934570312,30924537
2021-01-21,942.7323608398438,968.8727416992188,978.379638671875,957.6121826171875,960.8426513671875,39087742
2021-01-22,920.3697509765625,945.8900756835938,976.2337036132812,939.2213745117188,974.2261352539062,30532660
2021-01-25,871.60302734375,895.7711791992188,939.1290893554688,891.61767578125,939.1290893554688,54207104
2021-01-27,850.9468383789062,874.5421752929688,888.38720703125,871.3117065429688,888.38720703125,42370131
2021-01-28,842.661865234375,866.0275268554688,887.6026611328125,863.0046997070312,867.6889038085938,34067814
2021-01-29,827.1248168945312,850.0596313476562,882.8953247070312,844.544677734375,874.2191162109375,43712383
2021-02-01,851.08154296875,874.6806640625,879.1571655273438,852.8516845703125,858.11279296875,34180952
2021-02-02,864.7775268554688,888.7564086914062,895.3096923828125,856.0591430664062,883.4260864257812,41470034
2021-02-03,866.9555053710938,890.9946899414062,900.84765625,876.8496704101562,889.91015625,30301696
2021-02-04,864.10400390625,888.0641479492188,895.3096923828125,879.1571655273438,887.9256591796875,25626981
2021-02-05,863.85693359375,887.810302734375,897.4556884765625,886.0797119140625,890.7177734375,20248046
2021-02-08,876.295654296875,900.5938720703125,908.6931762695312,890.2562866210938,892.1022338867188,21183400
2021-02-09,878.4060668945312,902.7628784179688,918.2000732421875,900.9861450195312,905.4396362304688,19604141
2021-02-10,886.5563354492188,911.1390991210938,915.9617919921875,889.4486083984375,901.6553344726562,21234156
2021-02-11,923.10888671875,948.7052001953125,952.6279907226562,910.1930541992188,913.7696533203125,42539278
2021-02-12,916.7774047851562,942.1980590820312,958.9966430664062,930.1067504882812,948.6129150390625,30497029
2021-02-15,912.73583984375,938.0445556640625,951.2896118164062,934.5371704101562,945.1747436523438,15791099
2021-02-16,924.8152465820312,950.4589233398438,959.6427612304688,939.1521606445312,941.3442993164062,21421660
2021-02-17,935.4801635742188,961.4195556640625,967.2805786132812,946.3515625,950.6896362304688,23742994
2021-02-18,928.49755859375,954.2432250976562,973.0262451171875,950.2742919921875,962.2271728515625,18646877
2021-02-19,934.155517578125,960.05810546875,971.43408203125,947.5975952148438,949.30517578125,23403483
2021-02-22,901.7341918945312,926.73779296875,964.488525390625,920.6691284179688,959.919677734375,23804335
2021-02-23,908.6270751953125,933.8218383789062,947.4130249023438,929.2760620117188,945.1516723632812,25644108
2021-02-24,925.4888916015625,951.1511840820312,953.112548828125,935.06787109375,936.8446655273438,10807663
2021-02-25,962.9171142578125,989.6171875,993.1476440429688,956.6891479492188,958.0736694335938,34855693
2021-02-26,936.6253662109375,962.5963745117188,984.7944946289062,955.627685546875,976.9951782226562,37481215
2021-03-01,943.7651977539062,969.9342041015625,974.6876831054688,951.8433837890625,973.85693359375,17680764
2021-03-02,945.6961059570312,971.9186401367188,982.99462890625,964.1193237304688,979.3026733398438,17150760
2021-03-03,988.8496704101562,1016.268798828125,1024.4835205078125,972.4724731445312,978.8642578125,31924461
2021-03-04,977.0621337890625,1004.1544189453125,1010.6615600585938,995.7781982421875,1006.0696411132812,21435754
2021-03-05,978.3418579101562,1005.4696655273438,1020.8145751953125,993.6322021484375,994.99365234375,25511666
2021-03-08,983.91015625,1011.1923217773438,1030.021484375,1000.5316772460938,1000.7623901367188,19506841
2021-03-09,983.8875732421875,1011.169189453125,1021.6683349609375,990.6555786132812,1015.2996215820312,15154484
2021-03-10,979.80126953125,1006.9695434570312,1022.268310546875,1001.5700073242188,1018.5301513671875,11519358
2021-03-12,959.8860473632812,986.5020751953125,1018.2532348632812,980.1795043945312,1012.9921264648438,16864952
2021-03-15,946.998291015625,973.2570190429688,991.7169799804688,960.150390625,987.6327514648438,16698099
2021-03-16,943.271240234375,969.4265747070312,981.148681640625,967.0729370117188,975.6106567382812,13873801
2021-03-17,922.9517211914062,948.543701171875,970.5341796875,939.1983032226562,968.249755859375,19210236
2021-03-18,902.1832885742188,927.1993408203125,962.1348876953125,923.461181640625,956.6430053710938,20647480
2021-03-19,934.9189453125,960.8426513671875,967.2344360351562,915.0618896484375,918.84619140625,41787429
2021-03-22,926.1175537109375,951.7972412109375,957.150634765625,938.3214721679688,955.7661743164062,18572478
2021-03-23,937.3887329101562,963.3809204101562,973.626220703125,948.8436889648438,951.589599609375,17421165
2021-03-24,919.3369140625,944.82861328125,959.8042602539062,941.644287109375,959.8042602539062,16822814
2021-03-25,894.2575073242188,919.0538330078125,947.920654296875,916.0771484375,947.920654296875,22001648
2021-03-26,895.6945190429688,920.5306396484375,929.3222045898438,910.8622436523438,928.5376586914062,20180202
2021-03-30,911.2540283203125,936.5216064453125,945.5670166015625,919.0999755859375,926.691650390625,20441701
2021-03-31,899.4889526367188,924.4302978515625,946.0285034179688,922.5381469726562,931.3067016601562,16250796
2021-04-01,907.9086303710938,933.0834350585938,936.8446655273438,924.453369140625,931.3067016601562,11723312
2021-04-05,894.7739868164062,919.5845947265625,934.5371704101562,905.5088500976562,934.5140991210938,14875099
2021-04-06,891.0469360351562,915.754150390625,925.2841186523438,908.6931762695312,924.845703125,14009194
2021-04-07,899.376708984375,924.31494140625,944.64404296875,919.9076538085938,922.9996948242188,24266353
2021-04-08,900.4993286132812,925.4686889648438,933.1526489257812,919.7691650390625,928.076171875,15369188
2021-04-09,890.0364990234375,914.7157592773438,925.93017578125,913.7696533203125,922.2843627929688,14037885
2021-04-12,858.198974609375,881.9954223632812,905.185791015625,876.965087890625,904.0781860351562,20901482
2021-04-13,867.4718017578125,891.525390625,895.5866088867188,885.0874633789062,887.9256591796875,19411189
2021-04-15,873.0848999023438,897.2941284179688,905.0011596679688,882.8491821289062,888.9871215820312,19723716
2021-04-16,867.6065673828125,891.663818359375,899.8785400390625,889.0563354492188,893.7406005859375,15656948
2021-04-19,853.9554443359375,877.6342163085938,884.4182739257812,872.2346801757812,878.6956787109375,18478808
2021-04-20,853.70849609375,877.3804321289062,885.6181640625,872.4423828125,881.6954345703125,17203668
2021-04-22,856.0659790039062,879.8032836914062,883.5183715820312,866.0967407226562,873.2730712890625,14490954
2021-04-23,855.1453857421875,878.8572387695312,885.572021484375,874.7037353515625,879.6187133789062,11828857
2021-04-26,870.1885986328125,894.3174438476562,905.4627075195312,882.1569213867188,886.0797119140625,20846778
2021-04-27,893.000244140625,917.7616577148438,921.7074584960938,894.5020751953125,895.3096923828125,19992524
2021-04-28,896.8844604492188,921.7536010742188,926.691650390625,913.8389282226562,922.0074462890625,17122437
2021-04-29,908.896484375,934.0987548828125,943.5364379882812,926.36865234375,933.5679931640625,17412606
2021-04-30,895.6271362304688,920.46142578125,939.6136474609375,917.2540283203125,926.9224243164062,19828769
2021-05-03,879.7083740234375,904.1012573242188,913.3081665039062,896.7403564453125,907.3086547851562,23640186
2021-05-04,860.646240234375,884.5105590820312,908.139404296875,881.9262084960938,899.9246826171875,21849830
2021-05-05,862.2179565429688,886.1258544921875,894.617431640625,880.5647583007812,887.625732421875,12393609
2021-05-06,867.1126098632812,891.1561889648438,893.002197265625,879.8955688476562,886.9334716796875,14624666
2021-05-07,867.4494018554688,891.5023193359375,902.5321655273438,888.8486938476562,894.2713012695312,12288548
2021-05-10,864.9571533203125,888.9409790039062,898.4478759765625,886.5181274414062,894.8482055664062,13941237
2021-05-11,868.0780029296875,892.1484375,894.6405029296875,881.4646606445312,883.772216796875,13478264
2021-05-12,859.0970458984375,882.9183959960938,892.0330200195312,880.0802001953125,890.7408447265625,13177961
2021-05-14,869.9415893554688,894.0636596679688,896.232666015625,879.6187133789062,889.7947387695312,13291616
2021-05-17,880.2921752929688,904.7012329101562,906.1318359375,890.8792724609375,894.0636596679688,11873078
2021-05-18,892.6859130859375,917.4385986328125,924.1995849609375,910.3084106445312,914.231201171875,12064918
2021-05-19,896.772216796875,921.6382446289062,930.5913696289062,910.0776977539062,913.7696533203125,16317002
2021-05-20,891.5408325195312,916.2617797851562,928.030029296875,914.231201171875,922.030517578125,11422532
2021-05-21,899.2420043945312,924.176513671875,927.4300537109375,916.5386962890625,919.3076782226562,10785605
2021-05-24,891.6531372070312,916.3771362304688,927.5223999023438,914.6926879882812,926.691650390625,8551760
2021-05-25,881.5494995117188,905.993408203125,921.6151733398438,904.5396728515625,921.3382568359375,14780102
2021-05-26,884.6478881835938,909.177734375,913.5389404296875,906.9856567382812,911.462158203125,7480204
2021-05-27,887.36474609375,911.9698486328125,919.7691650390625,905.5780639648438,909.2931518554688,26819294
2021-05-28,940.6666870117188,966.7498779296875,971.4571533203125,918.3847045898438,918.3847045898438,56469931
2021-05-31,970.0794067382812,996.9780883789062,1011.4691772460938,962.250244140625,970.0726318359375,59124142
2021-06-01,973.9412231445312,1000.947021484375,1016.22265625,990.609375,999.608642578125,28013832
2021-06-02,988.4679565429688,1015.8765258789062,1019.6838989257812,995.4551391601562,995.4551391601562,24630162
2021-06-03,992.239990234375,1019.7531127929688,1038.3746337890625,1013.4998168945312,1024.9910888671875,23974257
2021-06-04,983.6406860351562,1010.9154052734375,1022.8912963867188,1008.031005859375,1022.1298217773438,14468646
2021-06-07,1000.2105102539062,1027.9447021484375,1034.6826171875,1008.3771362304688,1016.22265625,16336573
2021-06-08,994.4627685546875,1022.0375366210938,1027.829345703125,1014.4458618164062,1027.5755615234375,9674735
2021-06-09,976.680419921875,1003.7621459960938,1024.9910888671875,995.8935546875,1024.068115234375,11409161
2021-06-10,980.2728271484375,1007.4541625976562,1029.1446533203125,1004.93896484375,1012.2537231445312,14155653
2021-06-11,1000.7651977539062,1021.3683471679688,1028.2216796875,1006.1157836914062,1007.4080200195312,13762778
2021-06-14,1015.1222534179688,1036.02099609375,1042.1820068359375,1013.0151977539062,1022.22216796875,20332436
2021-06-15,1017.4282836914062,1038.3746337890625,1049.865966796875,1033.8980712890625,1043.451171875,15174215
2021-06-16,1000.064208984375,1020.6530151367188,1037.01318359375,1017.9993896484375,1036.02099609375,10797349
2021-06-17,1001.8956298828125,1022.5220947265625,1031.4521484375,1006.0234985351562,1015.2996215820312,15745975
2021-06-18,1006.4175415039062,1027.1370849609375,1031.4521484375,1008.0771484375,1027.06787109375,29369026
2021-06-21,1011.662841796875,1032.490478515625,1037.2208251953125,1015.368896484375,1016.9149169921875,12186448
2021-06-22,1006.4627075195312,1027.1832275390625,1043.451171875,1024.2296142578125,1040.2205810546875,12871913
2021-06-23,997.2380981445312,1017.7686767578125,1038.6514892578125,1016.0841674804688,1038.3746337890625,16653951
2021-06-24,973.7919921875,993.8399047851562,1022.0375366210938,987.6096801757812,1018.4609375,91461975
2021-06-25,951.612060546875,971.2033081054688,993.8399047851562,960.4273071289062,993.8399047851562,55355022
2021-06-28,943.2691650390625,962.6886596679688,981.37939453125,960.3811645507812,979.3026733398438,20277042
2021-06-29,944.0831298828125,963.5193481445312,973.3031616210938,961.8118286132812,964.3038940429688,27144063
2021-06-30,954.4156494140625,974.0646362304688,979.6026000976562,965.0192260742188,967.4190063476562,19762858
2021-07-01,948.6727905273438,968.20361328125,979.8333740234375,966.8421630859375,977.4566650390625,12534407
2021-07-02,962.7359619140625,982.5562133789062,984.3330078125,965.8960571289062,967.76513671875,14086620
2021-07-05,972.2998046875,992.3169555664062,993.8629760742188,983.6868896484375,985.9713134765625,11702287
2021-07-06,960.8141479492188,980.5948486328125,991.7169799804688,978.4719848632812,989.8941040039062,10070124
2021-07-07,954.1443481445312,973.7877197265625,981.956298828125,968.2266845703125,981.956298828125,10454892
2021-07-08,946.2536010742188,965.7345581054688,976.9721069335938,960.3811645507812,976.9721069335938,11185460
2021-07-09,936.5767822265625,955.8584594726562,965.3192138671875,953.5048217773438,963.6116333007812,9037675
2021-07-12,942.4100341796875,961.8118286132812,969.8419189453125,957.3814086914062,959.8042602539062,8585292
2021-07-13,949.4642333984375,969.01123046875,970.5572509765625,963.6347045898438,969.149658203125,6717133
2021-07-14,943.2691650390625,962.6886596679688,972.3109130859375,960.4965209960938,969.3111572265625,8532544
2021-07-15,941.61865234375,961.0042114257812,966.8421630859375,959.2274169921875,966.8421630859375,9448356
2021-07-16,955.2069702148438,974.8722534179688,975.956787109375,963.4270629882812,963.4962768554688,8828185
2021-07-19,949.125,968.6651000976562,980.2256469726562,965.5730590820312,969.149658203125,8354449
2021-07-20,946.7962646484375,966.288330078125,972.8416748046875,961.7656860351562,968.9188842773438,6741464
2021-07-22,958.9601440429688,978.7026977539062,980.1795043945312,968.2958984375,977.9181518554688,7972397
2021-07-23,952.1773681640625,971.7802124023438,985.04833984375,970.095703125,985.04833984375,9937030
2021-07-26,939.1316528320312,958.4659423828125,978.8411254882812,955.8123168945312,972.8416748046875,12389668
2021-07-27,929.251220703125,948.3821411132812,961.627197265625,942.3826904296875,958.44287109375,10824523
2021-07-28,921.2700805664062,940.2366943359375,949.7666625976562,930.4990234375,949.7666625976562,12897848
2021-07-29,928.4599609375,947.5745239257812,957.3352661132812,943.0287475585938,947.920654296875,13765738
2021-07-30,920.3431396484375,939.2906494140625,954.3585815429688,937.352294921875,949.7666625976562,11350608
2021-08-02,937.1646118164062,956.4584350585938,959.6427612304688,941.9904174804688,948.0591430664062,10925104
2021-08-03,944.0604858398438,963.4962768554688,964.9961547851562,952.6279907226562,964.53466796875,11817299
2021-08-04,951.2955932617188,970.8803100585938,975.6106567382812,963.150146484375,966.5652465820312,13169800
2021-08-05,965.08740234375,984.9560546875,994.4398193359375,971.1110229492188,975.7490844726562,21252078
2021-08-06,944.6483764648438,964.0962524414062,990.8170776367188,959.3427734375,982.9715576171875,16620987
2021-08-09,939.2672119140625,958.6043701171875,964.4423828125,953.6893920898438,960.3811645507812,7494143
2021-08-10,944.1961669921875,963.6347045898438,975.149169921875,957.0352783203125,960.8426513671875,11919198
2021-08-11,957.4227294921875,977.1336059570312,978.379638671875,961.48876953125,967.7420654296875,9184963
2021-08-12,954.3478393554688,973.9954223632812,981.240966796875,971.4571533203125,980.6409912109375,8137612
2021-08-13,970.2422485351562,990.2171020507812,992.1785278320312,973.2800903320312,977.1336059570312,12780901
2021-08-16,982.8358154296875,1003.0698852539062,1016.6841430664062,982.140869140625,991.9246826171875,21935444
2021-08-17,978.653076171875,998.801025390625,1008.4694213867188,991.232421875,1000.9239501953125,12658169
2021-08-18,982.451416015625,1002.6776123046875,1009.2078247070312,993.424560546875,1003.3006591796875,10075860
2021-08-20,971.4180297851562,991.4170532226562,1002.3776245117188,986.2251586914062,988.994140625,9426282
2021-08-23,977.7938842773438,997.9241943359375,1003.3006591796875,984.0560913085938,1003.3006591796875,9854395
2021-08-24,987.4481811523438,1007.7772216796875,1011.607666015625,994.8090209960938,999.1702270507812,11864472
2021-08-25,995.9945068359375,1016.49951171875,1024.5296630859375,1006.1157836914062,1008.561767578125,13380559
2021-08-26,1008.5880737304688,1029.352294921875,1036.02099609375,1017.6071166992188,1018.9916381835938,18589616
2021-08-27,1007.2088623046875,1027.9447021484375,1035.02880859375,1022.7067260742188,1032.3751220703125,10480636
2021-08-30,1026.585205078125,1047.719970703125,1050.304443359375,1032.2828369140625,1038.3746337890625,14027062
2021-08-31,1021.11376953125,1042.1358642578125,1053.9501953125,1034.7979736328125,1050.7889404296875,26485463
2021-09-01,1025.1607666015625,1046.2662353515625,1058.1729736328125,1044.3741455078125,1048.9891357421875,11145486
2021-09-02,1037.505615234375,1058.865234375,1065.04931640625,1040.68212890625,1040.68212890625,9956770
2021-09-03,1080.0567626953125,1102.2923583984375,1105.2921142578125,1062.6033935546875,1066.0645751953125,30664428
2021-09-06,1096.8330078125,1119.4140625,1144.5196533203125,1113.1375732421875,1113.59912109375,33641710
2021-09-07,1103.7515869140625,1126.4749755859375,1134.3665771484375,1113.1375732421875,1121.444580078125,17349882
2021-09-08,1099.43310546875,1122.067626953125,1132.5206298828125,1110.6685791015625,1131.59765625,14301651
2021-09-09,1096.8330078125,1119.4140625,1125.0673828125,1115.02978515625,1120.4754638671875,8963249
2021-09-13,1072.3922119140625,1094.469970703125,1122.8291015625,1092.854736328125,1122.8291015625,16311160
2021-09-14,1070.9903564453125,1093.039306640625,1104.83056640625,1091.9085693359375,1096.0621337890625,8908356
2021-09-15,1075.4443359375,1097.5850830078125,1105.63818359375,1093.0623779296875,1093.0623779296875,9071075
2021-09-16,1098.0086669921875,1120.6138916015625,1124.5596923828125,1092.3701171875,1099.0849609375,13448882
2021-09-17,1080.9837646484375,1103.2384033203125,1133.3743896484375,1096.3389892578125,1128.82861328125,34882133
2021-09-20,1082.7020263671875,1104.9921875,1116.068115234375,1093.754638671875,1094.7237548828125,11779819
2021-09-21,1087.38232421875,1109.7686767578125,1115.260498046875,1100.215576171875,1109.9071044921875,9915736
2021-09-22,1099.0487060546875,1121.6754150390625,1126.9825439453125,1106.7919921875,1111.2916259765625,10995912
2021-09-23,1125.908935546875,1149.0885009765625,1152.3651123046875,1128.597900390625,1129.4747314453125,15748397
2021-09-24,1122.653076171875,1145.765625,1156.2647705078125,1140.82763671875,1155.387939453125,15192163
2021-09-27,1141.531982421875,1165.033203125,1167.5484619140625,1142.3505859375,1147.7501220703125,15373834
2021-09-28,1152.2037353515625,1175.9246826171875,1183.700927734375,1159.65673828125,1169.4405517578125,18035258
2021-09-29,1143.0694580078125,1166.6024169921875,1186.0545654296875,1163.002685546875,1186.0545654296875,9719875
2021-09-30,1139.1805419921875,1162.6334228515625,1169.717529296875,1153.9111328125,1165.287109375,13590654
2021-10-01,1141.19287109375,1164.6871337890625,1172.1173095703125,1151.442138671875,1154.6495361328125,8958928
2021-10-04,1155.866455078125,1179.662841796875,1188.2928466796875,1170.84814453125,1178.2091064453125,10918552
2021-10-05,1179.855224609375,1204.1453857421875,1205.4376220703125,1175.6015625,1179.17822265625,13533634
2021-10-06,1157.53955078125,1181.370361328125,1209.1064453125,1177.332275390625,1209.1064453125,10258881
2021-10-07,1163.214599609375,1187.1622314453125,1199.32275390625,1184.9931640625,1197.592041015625,6336665
2021-10-08,1207.9136962890625,1232.781494140625,1238.8502197265625,1191.36181640625,1193.0924072265625,15772493
2021-10-11,1199.5028076171875,1224.197509765625,1255.279541015625,1220.82861328125,1246.6956787109375,14768666
2021-10-12,1206.3533935546875,1231.189208984375,1238.2041015625,1218.9364013671875,1220.6671142578125,6682011
2021-10-13,1218.6304931640625,1243.718994140625,1255.048828125,1231.8814697265625,1236.3580322265625,9959762
2021-10-14,1221.094970703125,1246.234130859375,1254.102783203125,1240.142333984375,1246.2110595703125,8623469
2021-10-18,1224.3507080078125,1249.5570068359375,1266.8170166015625,1228.6510009765625,1231.5584716796875,13594479
2021-10-19,1235.3162841796875,1260.748291015625,1269.74755859375,1249.7415771484375,1257.033203125,8833409
2021-10-20,1221.094970703125,1246.234130859375,1265.7786865234375,1242.1268310546875,1265.7786865234375,12710570
2021-10-21,1185.8692626953125,1210.2833251953125,1258.9715576171875,1201.3763427734375,1258.6947021484375,20831669
2021-10-22,1188.0849609375,1212.544677734375,1229.8509521484375,1205.206787109375,1209.1295166015625,11027475
2021-10-25,1176.5089111328125,1200.730224609375,1236.819580078125,1186.0545654296875,1236.819580078125,17198417
2021-10-26,1203.3011474609375,1228.0740966796875,1231.6968994140625,1201.353271484375,1207.791259765625,9750178
2021-10-27,1188.0849609375,1212.544677734375,1235.3427734375,1209.1064453125,1223.8975830078125,9896298
2021-10-28,1175.06201171875,1199.25341796875,1217.4134521484375,1195.515380859375,1209.1295166015625,9886181
2021-10-29,1146.867919921875,1170.47900390625,1198.122802734375,1154.5341796875,1198.122802734375,14233025
2021-11-01,1147.56884765625,1171.1943359375,1179.5936279296875,1151.0267333984375,1170.47900390625,15481114
2021-11-02,1130.837646484375,1154.1187744140625,1175.901611328125,1151.5574951171875,1174.51708984375,10569130
2021-11-03,1123.0601806640625,1146.1810302734375,1162.9796142578125,1135.7510986328125,1156.5416259765625,11989430
2021-11-04,1129.9560546875,1153.2188720703125,1156.010986328125,1149.1346435546875,1150.4959716796875,1705656
2021-11-08,1131.35791015625,1154.6495361328125,1162.9796142578125,1133.628173828125,1162.70263671875,20337183
2021-11-09,1140.28857421875,1163.76416015625,1167.0869140625,1147.773193359375,1156.05712890625,15682497
2021-11-10,1153.040283203125,1176.7784423828125,1180.5166015625,1155.43408203125,1161.4566650390625,10253470
2021-11-11,1155.1429443359375,1178.9244384765625,1186.2852783203125,1170.1558837890625,1172.232666015625,10722478
2021-11-12,1172.5748291015625,1196.7152099609375,1199.32275390625,1180.0550537109375,1182.7779541015625,8712341
2021-11-15,1165.656494140625,1189.654296875,1200.9149169921875,1186.0545654296875,1199.8995361328125,4803269
2021-11-16,1138.5703125,1162.010498046875,1188.362060546875,1151.442138671875,1187.0006103515625,11337581
2021-11-17,1114.1971435546875,1137.1356201171875,1153.2650146484375,1135.7510986328125,1153.2650146484375,10202029
2021-11-18,1118.40234375,1141.427490234375,1148.673095703125,1130.6976318359375,1135.28955078125,8505625
2021-11-22,1068.864990234375,1090.8702392578125,1130.213134765625,1084.986083984375,1124.259765625,24124307
2021-11-23,1078.8583984375,1101.0693359375,1108.176513671875,1065.6031494140625,1076.7021484375,25326999
2021-11-24,1063.2806396484375,1085.1707763671875,1112.16845703125,1081.5479736328125,1098.36962890625,16820296
2021-11-25,1127.2880859375,1150.4959716796875,1154.672607421875,1087.8243408203125,1095.13916015625,42401936
2021-11-26,1090.95458984375,1113.41455078125,1143.4119873046875,1108.2918701171875,1138.8892822265625,15763138
2021-11-29,1104.02294921875,1126.7518310546875,1153.7496337890625,1107.1842041015625,1125.644287109375,24325354
2021-11-30,1087.69873046875,1110.0916748046875,1142.62744140625,1102.453857421875,1138.9815673828125,32172299
2021-12-01,1115.5537109375,1138.5201416015625,1141.7506103515625,1119.1832275390625,1122.8291015625,10104610
2021-12-02,1122.720947265625,1145.8348388671875,1151.995849609375,1136.0279541015625,1139.76611328125,12720411
2021-12-03,1088.987548828125,1111.406982421875,1153.057373046875,1107.599609375,1153.01123046875,19222481
2021-12-06,1068.344970703125,1090.3394775390625,1119.1370849609375,1087.8243408203125,1114.983642578125,10332254
2021-12-07,1077.0496826171875,1099.223388671875,1109.445556640625,1089.1396484375,1096.5928955078125,11235122
2021-12-08,1093.4415283203125,1115.9527587890625,1122.2752685546875,1110.507080078125,1118.7218017578125,8744178
2021-12-09,1110.7830810546875,1133.6512451171875,1142.1658935546875,1119.1370849609375,1123.7520751953125,13213547
2021-12-10,1111.9134521484375,1134.8050537109375,1138.05859375,1121.6060791015625,1126.1749267578125,8364414
2021-12-13,1089.62060546875,1112.0531005859375,1141.7967529296875,1109.445556640625,1141.5198974609375,12901733
2021-12-14,1076.281005859375,1098.4388427734375,1110.36865234375,1095.32373046875,1098.36962890625,12991523
2021-12-15,1073.13818359375,1095.2314453125,1109.9071044921875,1089.647216796875,1100.215576171875,9366969
2021-12-16,1087.0203857421875,1109.3994140625,1114.7528076171875,1093.131591796875,1110.2301025390625,9761279
2021-12-17,1058.3289794921875,1080.1173095703125,1111.2916259765625,1070.6795654296875,1106.69970703125,21049821
2021-12-20,1029.7957763671875,1050.9967041015625,1069.6873779296875,1037.0362548828125,1069.6873779296875,14325846
2021-12-21,1045.125,1066.6414794921875,1082.6785888671875,1057.8499755859375,1066.6876220703125,12836561
2021-12-22,1069.9276123046875,1091.9547119140625,1094.6314697265625,1071.6026611328125,1072.94091796875,17658543
2021-12-23,1069.5433349609375,1091.5625,1098.36962890625,1088.23974609375,1095.6005859375,9072401
2021-12-24,1072.95751953125,1095.046875,1103.9075927734375,1078.7789306640625,1093.754638671875,7886494
2021-12-27,1071.80419921875,1093.8699951171875,1097.4466552734375,1083.6478271484375,1089.85498046875,4017223
2021-12-28,1084.533447265625,1106.8612060546875,1109.837890625,1095.1622314453125,1096.3389892578125,6374613
2021-12-29,1086.387451171875,1108.75341796875,1116.3681640625,1099.3387451171875,1103.4461669921875,15425312
2021-12-30,1066.7623291015625,1088.7242431640625,1109.884033203125,1082.4940185546875,1107.599609375,29333171
2021-12-31,1070.854736328125,1092.90087890625,1100.16943359375,1089.1396484375,1095.13916015625,9477290
2022-01-03,1086.9979248046875,1109.3763427734375,1111.2685546875,1090.7779541015625,1091.4471435546875,5421611
2022-01-04,1111.5291748046875,1134.4127197265625,1135.7510986328125,1109.445556640625,1114.9375,10847728
2022-01-05,1116.7293701171875,1139.719970703125,1143.1351318359375,1122.8060302734375,1136.212646484375,11643813
2022-01-06,1092.7181396484375,1115.21435546875,1132.5206298828125,1111.7530517578125,1131.2283935546875,14447422
2022-01-07,1101.5357666015625,1124.213623046875,1134.3896484375,1112.929931640625,1121.883056640625,13112115
2022-01-10,1102.4400634765625,1125.1365966796875,1133.9051513671875,1115.0067138671875,1131.59765625,9246731
2022-01-11,1110.3760986328125,1133.2359619140625,1142.18896484375,1123.7520751953125,1124.213623046875,16205164
2022-01-12,1140.01708984375,1163.4871826171875,1165.2640380859375,1137.5970458984375,1140.5045166015625,14800442
2022-01-13,1146.4383544921875,1170.04052734375,1172.671142578125,1157.626220703125,1163.5565185546875,11856712
2022-01-14,1148.111328125,1171.748046875,1184.8084716796875,1165.6793212890625,1169.902099609375,19930176
2022-01-17,1154.1029052734375,1177.8629150390625,1183.7470703125,1170.8250732421875,1171.28662109375,8036453
2022-01-18,1140.333740234375,1163.810302734375,1182.5240478515625,1161.0181884765625,1179.0167236328125,6215029
2022-01-19,1140.2432861328125,1163.718017578125,1173.132568359375,1157.903076171875,1167.5946044921875,9755485
2022-01-20,1120.279052734375,1143.3427734375,1158.341552734375,1132.9820556640625,1153.772705078125,16494486
2022-01-21,1120.4599609375,1143.52734375,1154.7879638671875,1131.59765625,1131.59765625,13338594
2022-01-24,1075.2635498046875,1097.4005126953125,1155.9417724609375,1086.8782958984375,1142.2120361328125,21868937
2022-01-25,1073.160888671875,1095.2545166015625,1102.361572265625,1063.757080078125,1084.31689453125,24510205
2022-01-27,1057.2662353515625,1079.03271484375,1087.3397216796875,1066.5491943359375,1078.0635986328125,20020431
2022-01-28,1056.2490234375,1077.994384765625,1096.4774169921875,1074.5562744140625,1091.4471435546875,14667727
2022-01-31,1079.1976318359375,1101.41552734375,1110.55322265625,1087.3858642578125,1089.23193359375,12143683
2022-02-01,1075.6253662109375,1097.7696533203125,1117.1064453125,1083.186279296875,1111.2916259765625,13200509
2022-02-02,1077.8184814453125,1100.0079345703125,1110.830078125,1096.1082763671875,1110.830078125,10017691
2022-02-03,1063.890869140625,1085.793701171875,1108.268798828125,1083.232421875,1103.9075927734375,9572839
2022-02-04,1054.19140625,1075.89453125,1083.809326171875,1071.187255859375,1080.37109375,11061241
2022-02-07,1047.770263671875,1069.34130859375,1087.662841796875,1063.757080078125,1080.8326416015625,10714467
2022-02-08,1065.3831787109375,1087.316650390625,1089.1396484375,1066.0645751953125,1075.5946044921875,12060849
2022-02-09,1077.7957763671875,1099.98486328125,1101.6923828125,1088.2166748046875,1094.2852783203125,11486225
2022-02-10,1076.6881103515625,1098.854248046875,1105.6151123046875,1091.4932861328125,1105.6151123046875,12464491
2022-02-11,1074.5853271484375,1096.708251953125,1100.4464111328125,1081.8017578125,1095.2545166015625,15943370
2022-02-14,1057.4698486328125,1079.240478515625,1086.80908203125,1067.4490966796875,1080.0250244140625,10719633
2022-02-15,1093.373779296875,1115.883544921875,1118.6295166015625,1077.9251708984375,1085.078369140625,11212671
2022-02-16,1091.11279296875,1113.5760498046875,1122.8291015625,1105.7305908203125,1121.444580078125,10392840
2022-02-17,1104.9271240234375,1127.6748046875,1132.9359130859375,1112.214599609375,1116.875732421875,12853252
2022-02-18,1096.2904052734375,1118.8602294921875,1133.628173828125,1116.8988037109375,1128.0902099609375,6775458
2022-02-21,1085.211669921875,1107.553466796875,1124.9058837890625,1100.4925537109375,1113.1375732421875,11107193
2022-02-22,1080.2828369140625,1102.5230712890625,1105.70751953125,1083.2093505859375,1085.8629150390625,13494914
2022-02-23,1073.5225830078125,1095.6236572265625,1110.6224365234375,1092.8316650390625,1108.1072998046875,7310110
2022-02-24,1020.0283813476562,1041.0281982421875,1079.863525390625,1035.3287353515625,1063.757080078125,24846650
2022-02-25,1032.7802734375,1054.0426025390625,1065.1185302734375,1050.489013671875,1052.2657470703125,14570089
2022-02-28,1066.9658203125,1088.931884765625,1092.5316162109375,1035.1441650390625,1035.1441650390625,21297446
2022-03-02,1084.6011962890625,1106.930419921875,1108.0611572265625,1074.9254150390625,1077.3482666015625,21471786
2022-03-03,1075.4443359375,1097.5850830078125,1114.452880859375,1093.7777099609375,1107.599609375,10186748
2022-03-04,1051.5914306640625,1073.240966796875,1091.1240234375,1070.8411865234375,1085.9090576171875,10805667
2022-03-07,1012.7030639648438,1033.552001953125,1067.0338134765625,1025.45263671875,1051.61962890625,17983310
2022-03-08,1010.87158203125,1031.682861328125,1036.5286865234375,1006.0696411132812,1020.6068725585938,21289374
2022-03-09,1064.5013427734375,1086.416748046875,1092.3701171875,1031.059814453125,1031.9136962890625,20414228
2022-03-10,1081.75244140625,1104.02294921875,1109.9071044921875,1089.1396484375,1107.599609375,17980493
2022-03-11,1084.87255859375,1107.207275390625,1112.6761474609375,1096.546630859375,1096.546630859375,12257423
2022-03-14,1093.7806396484375,1116.298828125,1118.8602294921875,1095.6005859375,1101.553955078125,8340678
2022-03-15,1068.7293701171875,1090.7318115234375,1120.49853515625,1080.3018798828125,1120.49853515625,15925769
2022-03-16,1086.771728515625,1109.1456298828125,1111.2454833984375,1097.03125,1099.2926025390625,11149828
2022-03-17,1122.200927734375,1145.30419921875,1152.5496826171875,1114.5682373046875,1122.7137451171875,21422098
2022-03-21,1115.7344970703125,1138.7047119140625,1146.3656005859375,1125.59814453125,1127.9056396484375,11999466
2022-03-22,1144.561767578125,1168.1253662109375,1169.8790283203125,1132.3360595703125,1135.335693359375,22557065
2022-03-23,1148.2017822265625,1171.84033203125,1183.6778564453125,1164.3641357421875,1164.3641357421875,15462187
2022-03-24,1166.0406494140625,1190.0465087890625,1192.5848388671875,1158.3646240234375,1158.3646240234375,13168266
2022-03-25,1173.818359375,1197.984375,1207.2835693359375,1189.2850341796875,1191.8233642578125,14222488
2022-03-28,1185.6204833984375,1210.029541015625,1213.629150390625,1193.6693115234375,1204.5145263671875,9891424
2022-03-29,1185.8919677734375,1210.306396484375,1217.4365234375,1203.314697265625,1217.4365234375,8684065
2022-03-30,1208.6822509765625,1233.5660400390625,1240.5115966796875,1207.791259765625,1218.3134765625,15811550
2022-03-31,1191.4085693359375,1215.9366455078125,1232.066162109375,1213.0985107421875,1229.8740234375,13223718
2022-04-01,1200.94970703125,1225.67431640625,1229.96630859375,1210.0526123046875,1216.5135498046875,7922880
2022-04-04,1204.4996337890625,1229.297119140625,1234.5120849609375,1219.12109375,1225.48974609375,7929162
2022-04-05,1187.474609375,1211.921630859375,1232.158447265625,1209.45263671875,1223.482177734375,13149870
2022-04-06,1184.309326171875,1208.691162109375,1215.8212890625,1193.9462890625,1193.9462890625,12257215
2022-04-07,1163.41796875,1187.369873046875,1202.6685791015625,1184.6700439453125,1197.63818359375,15496499
2022-04-08,1182.7718505859375,1207.1220703125,1211.4371337890625,1181.4395751953125,1181.4395751953125,15152495
2022-04-11,1180.307373046875,1204.60693359375,1217.6904296875,1192.0540771484375,1199.8995361328125,9254209
2022-04-12,1158.0821533203125,1181.9241943359375,1201.0994873046875,1179.316650390625,1193.9000244140625,13217742
2022-04-13,1153.83154296875,1177.5860595703125,1196.4844970703125,1174.747802734375,1188.13134765625,10354235
2022-04-18,1150.304443359375,1173.986328125,1181.3472900390625,1163.810302734375,1168.9791259765625,9974224
2022-04-19,1194.144287109375,1218.728759765625,1231.2816162109375,1177.3092041015625,1180.5166015625,26141820
2022-04-20,1229.2568359375,1254.564208984375,1261.7406005859375,1222.5592041015625,1226.251220703125,25072240
2022-04-21,1258.038818359375,1283.938720703125,1287.123046875,1260.8175048828125,1269.5399169921875,21708633
2022-04-22,1247.5028076171875,1273.185791015625,1293.12255859375,1266.4478759765625,1273.23193359375,15054154
2022-04-25,1218.653076171875,1243.7420654296875,1273.0010986328125,1229.2740478515625,1265.6171875,17063215
2022-04-26,1255.1221923828125,1280.9620361328125,1289.89208984375,1249.6031494140625,1250.66455078125,12227666
2022-04-27,1256.3431396484375,1282.2081298828125,1305.12158203125,1271.455078125,1271.8243408203125,19338945
2022-04-28,1275.109130859375,1301.3603515625,1315.736083984375,1285.78466796875,1296.79150390625,25614076
2022-04-29,1261.7242431640625,1287.699951171875,1318.11279296875,1281.7235107421875,1318.11279296875,18214862
2022-05-02,1257.292724609375,1283.17724609375,1294.73779296875,1272.839599609375,1274.66259765625,9467006
2022-05-04,1218.0426025390625,1243.1190185546875,1287.5845947265625,1235.112060546875,1285.277099609375,19247660
2022-05-05,1194.1895751953125,1218.77490234375,1259.89453125,1214.6676025390625,1256.894775390625,17210669
2022-05-06,1185.0328369140625,1209.4295654296875,1227.1280517578125,1196.9228515625,1205.5299072265625,19649948
2022-05-09,1138.7509765625,1162.195068359375,1198.561279296875,1156.9801025390625,1188.3389892578125,18083752
2022-05-10,1119.012939453125,1142.050537109375,1166.0255126953125,1134.3665771484375,1151.442138671875,19511677
2022-05-11,1107.5499267578125,1130.3515625,1146.8040771484375,1117.7294921875,1141.1275634765625,16643899
2022-05-12,1084.9857177734375,1107.32275390625,1123.682861328125,1093.754638671875,1120.2908935546875,20490321
2022-05-13,1097.2852783203125,1119.87548828125,1143.5965576171875,1114.68359375,1119.5986328125,19308778
2022-05-16,1097.5565185546875,1120.1524658203125,1144.9810791015625,1115.2835693359375,1123.498291015625,13437911
2022-05-17,1143.6573486328125,1167.2022705078125,1172.1634521484375,1122.3675537109375,1123.7982177734375,16551828
2022-05-18,1147.8175048828125,1171.4481201171875,1186.0545654296875,1157.5570068359375,1172.048095703125,17276788
2022-05-19,1121.3642578125,1144.4503173828125,1159.518310546875,1138.0816650390625,1146.3656005859375,14699118
2022-05-20,1186.7510986328125,1211.1832275390625,1220.39013671875,1154.672607421875,1159.518310546875,21793091
2022-05-23,1178.8150634765625,1203.083984375,1224.6129150390625,1196.6690673828125,1214.436767578125,15252755
2022-05-24,1182.8621826171875,1207.21435546875,1217.4365234375,1198.838134765625,1203.130126953125,13527818
2022-05-25,1181.121337890625,1205.4376220703125,1226.066650390625,1200.591796875,1216.0521240234375,12714544
2022-05-26,1169.86181640625,1193.9462890625,1216.0059814453125,1175.901611328125,1211.16015625,17882023
2022-05-27,1164.435546875,1188.408203125,1202.2762451171875,1172.2557373046875,1196.692138671875,16521973
2022-05-30,1204.9970703125,1229.8048095703125,1234.050537109375,1197.222900390625,1206.822021484375,13853398
2022-05-31,1190.4591064453125,1214.967529296875,1236.2657470703125,1207.1451416015625,1219.005615234375,70620653
2022-06-01,1190.8433837890625,1215.35986328125,1225.3743896484375,1207.3758544921875,1215.72900390625,9776989
2022-06-02,1231.90234375,1257.2640380859375,1261.0252685546875,1215.590576171875,1215.590576171875,22126569
2022-06-03,1256.8631591796875,1282.73876953125,1300.20654296875,1265.4324951171875,1266.3555908203125,23939791
2022-06-06,1251.45947265625,1277.223876953125,1298.6605224609375,1269.9552001953125,1282.9696044921875,11093152
2022-06-07,1253.8109130859375,1279.6236572265625,1288.0921630859375,1270.0706787109375,1278.308349609375,12358255
2022-06-08,1231.7891845703125,1257.148681640625,1283.4310302734375,1253.572021484375,1279.6236572265625,12479250
2022-06-09,1265.5679931640625,1291.6226806640625,1293.583984375,1250.66455078125,1250.66455078125,17278305
2022-06-10,1227.3577880859375,1252.6259765625,1287.5384521484375,1246.7418212890625,1279.2314453125,18093057
2022-06-13,1204.1376953125,1228.9278564453125,1233.4967041015625,1207.4219970703125,1222.974609375,17620803
2022-06-14,1188.4014892578125,1212.86767578125,1233.058349609375,1206.106689453125,1222.9976806640625,14714312
2022-06-15,1174.021728515625,1198.1920166015625,1217.113525390625,1192.7001953125,1207.9989013671875,11195535
2022-06-16,1157.607421875,1181.4395751953125,1227.151123046875,1178.6705322265625,1210.5140380859375,17111475
2022-06-17,1171.173095703125,1195.2845458984375,1211.3677978515625,1179.6397705078125,1181.4395751953125,24457187
2022-06-20,1149.9427490234375,1173.6171875,1207.791259765625,1163.4871826171875,1202.20703125,12066797
2022-06-21,1168.505126953125,1192.561767578125,1196.8536376953125,1166.81005859375,1181.4395751953125,11720049
2022-06-22,1133.0081787109375,1156.333984375,1180.655029296875,1154.2110595703125,1180.562744140625,10617206
2022-06-23,1114.626708984375,1137.573974609375,1165.287109375,1128.3670654296875,1160.6951904296875,19446323
2022-06-24,1130.4986572265625,1153.772705078125,1158.8260498046875,1138.9815673828125,1144.5196533203125,14240234
2022-06-27,1127.15234375,1150.3575439453125,1174.4940185546875,1145.23486328125,1174.4940185546875,15474529
2022-06-28,1143.0015869140625,1166.5330810546875,1169.41748046875,1145.48876953125,1145.48876953125,13572847
2022-06-29,1166.718994140625,1190.73876953125,1198.51513671875,1154.2110595703125,1157.0723876953125,19205146
2022-06-30,1173.72802734375,1197.89208984375,1207.2374267578125,1184.2086181640625,1190.6695556640625,23112959
2022-07-01,1089.19091796875,1111.6146240234375,1196.20751953125,1091.4471435546875,1188.31591796875,81997149
2022-07-04,1091.4520263671875,1113.922119140625,1126.9825439453125,1091.9547119140625,1097.885009765625,41857728
2022-07-05,1100.2923583984375,1122.9444580078125,1137.5509033203125,1115.4912109375,1118.214111328125,17647327
2022-07-06,1090.615478515625,1113.068359375,1126.95947265625,1102.0616455078125,1116.875732421875,23943726
2022-07-07,1079.8758544921875,1102.1077880859375,1122.9444580078125,1096.0621337890625,1119.552490234375,23301033
2022-07-08,1081.3681640625,1103.6307373046875,1115.9066162109375,1099.54638671875,1115.9066162109375,19010108
2022-07-11,1096.0643310546875,1118.6295166015625,1120.8907470703125,1093.754638671875,1096.75439453125,13847467
2022-07-12,1094.504150390625,1117.0372314453125,1125.921142578125,1109.445556640625,1109.445556640625,10778989
2022-07-13,1075.1051025390625,1097.2388916015625,1123.2906494140625,1095.13916015625,1120.1986083984375,14224132
2022-07-14,1083.9681396484375,1106.2843017578125,1123.267578125,1096.9620361328125,1102.0616455078125,16970315
2022-07-15,1086.07080078125,1108.4302978515625,1114.5220947265625,1099.80029296875,1114.5220947265625,9603210
2022-07-18,1095.3182373046875,1117.8680419921875,1119.1370849609375,1104.0460205078125,1117.2911376953125,15160908
2022-07-19,1102.033203125,1124.7213134765625,1129.2901611328125,1107.738037109375,1107.738037109375,16439888
2022-07-20,1131.83251953125,1155.134033203125,1173.36328125,1147.4039306640625,1172.2095947265625,23924246
2022-07-21,1124.2808837890625,1147.427001953125,1153.7496337890625,1138.6585693359375,1150.9805908203125,16523230
2022-07-22,1131.8778076171875,1155.1802978515625,1161.2720947265625,1151.442138671875,1153.7496337890625,10969995
2022-07-25,1094.4815673828125,1117.01416015625,1138.727783203125,1108.984130859375,1138.727783203125,23110452
2022-07-26,1094.97900390625,1117.5218505859375,1127.8594970703125,1112.837646484375,1117.3372802734375,11303288
2022-07-27,1093.93896484375,1116.46044921875,1120.06005859375,1108.5225830078125,1116.8065185546875,8655086
2022-07-28,1111.0770263671875,1133.9512939453125,1138.95849609375,1117.2911376953125,1124.213623046875,12496073
2022-07-29,1134.7491455078125,1158.1107177734375,1161.6412353515625,1137.1356201171875,1142.0736083984375,15130683
2022-08-01,1164.322509765625,1188.2928466796875,1194.2462158203125,1157.2569580078125,1162.5872802734375,15700044
2022-08-02,1168.7537841796875,1192.8155517578125,1203.499267578125,1182.1549072265625,1187.2083740234375,13917913
2022-08-03,1178.56640625,1202.830078125,1204.5145263671875,1184.8778076171875,1199.8995361328125,14250977
2022-08-04,1162.988525390625,1186.931396484375,1208.0911865234375,1169.902099609375,1204.5145263671875,14467127
2022-08-05,1145.850341796875,1169.4405517578125,1190.11572265625,1166.18701171875,1188.8236083984375,13942438
2022-08-08,1160.8404541015625,1184.7392578125,1192.307861328125,1168.0560302734375,1168.0560302734375,10165178
2022-08-10,1167.7816162109375,1191.8233642578125,1195.2384033203125,1180.078125,1189.2388916015625,10724688
2022-08-11,1171.67041015625,1195.792236328125,1204.4683837890625,1190.7618408203125,1201.3302001953125,8198226
2022-08-12,1190.6171875,1215.1290283203125,1218.9825439453125,1191.6849365234375,1195.4229736328125,12650587
2022-08-16,1198.8924560546875,1223.574462890625,1226.343505859375,1212.49853515625,1221.2208251953125,6607378
2022-08-17,1205.1552734375,1229.96630859375,1235.388916015625,1225.535888671875,1229.8970947265625,6595965
2022-08-18,1211.2928466796875,1228.1895751953125,1231.7430419921875,1218.451904296875,1227.589599609375,7410035
2022-08-19,1189.696044921875,1206.2913818359375,1228.3741455078125,1202.1839599609375,1222.974609375,9460724
2022-08-22,1186.39599609375,1202.9454345703125,1214.344482421875,1193.4385986328125,1207.7451171875,9471680
2022-08-23,1204.693115234375,1221.497802734375,1224.451416015625,1195.9075927734375,1197.130615234375,9678484
2022-08-24,1201.4842529296875,1218.244140625,1232.20458984375,1216.213623046875,1218.40576171875,10369622
2022-08-25,1197.9796142578125,1214.690673828125,1228.9278564453125,1210.3294677734375,1222.489990234375,7871946
2022-08-26,1191.584716796875,1208.20654296875,1222.974609375,1203.130126953125,1215.1290283203125,10742038
2022-08-29,1182.322509765625,1198.8150634765625,1225.2821044921875,1189.7696533203125,1192.97705078125,19838975
2022-08-30,1200.6649169921875,1217.4134521484375,1220.782470703125,1189.1004638671875,1206.360595703125,23139054
2022-09-01,1165.3681640625,1181.6241455078125,1202.1839599609375,1177.1475830078125,1191.892578125,19909939
2022-09-02,1151.759033203125,1167.8253173828125,1188.5235595703125,1165.610107421875,1181.6241455078125,12999345
2022-09-05,1169.646484375,1185.9622802734375,1191.36181640625,1168.0560302734375,1168.0560302734375,11327815
2022-09-06,1181.958251953125,1198.44580078125,1202.6685791015625,1186.9775390625,1187.4390869140625,10899618
2022-09-07,1175.0855712890625,1191.4771728515625,1197.5458984375,1186.0545654296875,1188.362060546875,7488501
2022-09-08,1176.746826171875,1193.16162109375,1198.9765625,1186.51611328125,1194.4769287109375,7057077
2022-09-09,1169.4189453125,1185.7315673828125,1204.5145263671875,1183.2855224609375,1204.5145263671875,8314850
2022-09-12,1182.5045166015625,1198.9996337890625,1205.4376220703125,1186.308349609375,1186.308349609375,7435419
2022-09-13,1192.38134765625,1209.01416015625,1213.6060791015625,1200.361083984375,1208.20654296875,8888657
2022-09-14,1178.089599609375,1194.5230712890625,1204.5145263671875,1187.32373046875,1188.362060546875,8678219
2022-09-15,1166.4150390625,1182.6856689453125,1201.537841796875,1179.939697265625,1192.0540771484375,10365600
2022-09-16,1137.5128173828125,1153.38037109375,1178.2091064453125,1149.5960693359375,1173.940185546875,20217708
2022-09-19,1138.9920654296875,1154.8802490234375,1164.2255859375,1145.142578125,1153.38037109375,7580254
2022-09-20,1139.1741943359375,1155.0648193359375,1171.148193359375,1151.3035888671875,1164.1102294921875,8411448
2022-09-21,1142.314697265625,1158.249267578125,1168.9791259765625,1151.442138671875,1152.249755859375,9207309
2022-09-22,1131.5504150390625,1147.334716796875,1155.134033203125,1140.873779296875,1147.28857421875,10308170
2022-09-23,1110.3404541015625,1125.828857421875,1151.8804931640625,1124.259765625,1146.8271484375,9528051
2022-09-26,1082.052734375,1097.1466064453125,1115.8143310546875,1096.13134765625,1104.8536376953125,12479523
2022-09-27,1090.6551513671875,1105.8690185546875,1119.5986328125,1089.185791015625,1104.83056640625,16154822
2022-09-28,1061.6165771484375,1076.42529296875,1097.4466552734375,1073.956298828125,1089.3011474609375,16997059
2022-09-29,1058.3623046875,1073.1256103515625,1092.600830078125,1067.4490966796875,1089.1396484375,14671827
2022-09-30,1082.23486328125,1097.331298828125,1108.5225830078125,1066.526123046875,1066.526123046875,18613024
2022-10-03,1078.4798583984375,1093.52392578125,1115.4219970703125,1090.524169921875,1103.6768798828125,11852723
2022-10-04,1098.369873046875,1113.69140625,1115.9066162109375,1103.0538330078125,1106.5843505859375,8948850
2022-10-06,1102.4207763671875,1117.7987060546875,1130.674560546875,1115.975830078125,1120.983154296875,13352162
2022-10-07,1107.086181640625,1122.5291748046875,1127.8594970703125,1114.360595703125,1114.360595703125,7714340
2022-10-10,1095.0018310546875,1110.2763671875,1115.7220458984375,1102.0616455078125,1109.9071044921875,6329527
2022-10-11,1073.2000732421875,1088.17041015625,1114.060546875,1085.0322265625,1114.060546875,9215177
2022-10-12,1081.096923828125,1096.177490234375,1099.1541748046875,1081.3402099609375,1085.4476318359375,7417103
2022-10-13,1084.5333251953125,1099.661865234375,1104.83056640625,1089.185791015625,1094.4007568359375,7328492
2022-10-14,1079.02587890625,1094.07763671875,1115.1451416015625,1093.3392333984375,1114.5220947265625,9106089
2022-10-17,1096.3443603515625,1111.6376953125,1114.060546875,1081.571044921875,1086.8321533203125,16729355
2022-10-18,1115.6883544921875,1131.25146484375,1136.674072265625,1116.8988037109375,1117.7525634765625,12415820
2022-10-19,1135.1004638671875,1150.9344482421875,1166.6024169921875,1126.8441162109375,1132.7513427734375,19247142
2022-10-20,1138.1500244140625,1154.0264892578125,1162.51806640625,1146.8271484375,1146.8271484375,8717053
2022-10-21,1124.95068359375,1140.6429443359375,1161.5028076171875,1138.5201416015625,1157.3031005859375,8243452
2022-10-24,1128.7056884765625,1144.4503173828125,1154.9033203125,1133.12060546875,1135.28955078125,3370033
2022-10-25,1111.2733154296875,1126.77490234375,1153.2880859375,1125.1365966796875,1153.2880859375,12233241
2022-10-27,1115.6429443359375,1131.205322265625,1139.1893310546875,1122.73681640625,1134.3665771484375,12513059
2022-10-28,1149.779296875,1165.81787109375,1169.902099609375,1135.0357666015625,1137.5970458984375,17609592
2022-10-31,1160.4525146484375,1176.6400146484375,1181.8780517578125,1168.60986328125,1172.671142578125,12419943
2022-11-01,1151.4632568359375,1167.525390625,1199.8995361328125,1157.441650390625,1199.8995361328125,13963166
2022-11-02,1158.654541015625,1174.8170166015625,1176.9168701171875,1160.672119140625,1168.656005859375,8981896
2022-11-03,1162.978515625,1179.2012939453125,1181.23193359375,1165.3101806640625,1167.525390625,6693449
2022-11-04,1180.0921630859375,1196.5537109375,1199.8995361328125,1177.332275390625,1178.6243896484375,12575815
2022-11-07,1186.39599609375,1202.9454345703125,1204.653076171875,1187.900634765625,1195.74609375,11789748
2022-11-09,1185.2127685546875,1201.74560546875,1210.029541015625,1195.3076171875,1204.653076171875,11254205
2022-11-10,1170.87548828125,1187.2083740234375,1198.307373046875,1182.8240966796875,1195.2845458984375,5966242
2022-11-11,1197.865966796875,1214.5753173828125,1216.5135498046875,1194.361572265625,1199.8995361328125,12310132
2022-11-14,1192.062744140625,1208.691162109375,1219.2825927734375,1202.2762451171875,1214.0906982421875,9043112
2022-11-15,1186.7147216796875,1203.2685546875,1212.0831298828125,1195.2845458984375,1210.1910400390625,7086433
2022-11-16,1179.91015625,1196.369140625,1207.260498046875,1191.2926025390625,1204.5145263671875,9716161
2022-11-17,1182.959716796875,1199.461181640625,1205.8990478515625,1190.6695556640625,1192.9539794921875,6661451
2022-11-18,1182.322509765625,1198.8150634765625,1204.0531005859375,1186.562255859375,1203.0146484375,5303197
2022-11-21,1161.0443115234375,1177.239990234375,1194.361572265625,1173.6402587890625,1194.361572265625,6390268
2022-11-22,1167.484619140625,1183.7701416015625,1185.3623046875,1170.5943603515625,1174.51708984375,6611488
2022-11-23,1163.84326171875,1180.078125,1189.700439453125,1177.8629150390625,1188.362060546875,6413408
2022-11-24,1173.87939453125,1190.2542724609375,1197.130615234375,1175.993896484375,1184.2086181640625,9389439
2022-11-25,1191.4027099609375,1208.02197265625,1211.390869140625,1191.638671875,1194.8231201171875,7349922
2022-11-28,1232.3436279296875,1249.533935546875,1255.76416015625,1154.672607421875,1204.0069580078125,31527484
2022-11-29,1234.4599609375,1251.6798095703125,1260.656005859375,1243.280517578125,1247.8724365234375,11058913
2022-11-30,1243.176025390625,1260.517578125,1267.0247802734375,1245.2188720703125,1251.818359375,26164986
2022-12-01,1239.5120849609375,1256.802490234375,1271.4320068359375,1253.43359375,1265.3402099609375,9485801
2022-12-02,1238.98876953125,1256.271728515625,1268.2015380859375,1246.326416015625,1259.89453125,11589592
2022-12-05,1220.919189453125,1237.9501953125,1253.7796630859375,1235.8966064453125,1251.5875244140625,14828536
2022-12-06,1224.4466552734375,1241.52685546875,1244.6650390625,1228.051025390625,1229.9432373046875,8594245
2022-12-07,1206.377197265625,1223.205322265625,1243.7420654296875,1219.351806640625,1239.1270751953125,8462111
2022-12-08,1205.8082275390625,1222.62841796875,1229.8970947265625,1218.40576171875,1227.589599609375,7757008
2022-12-09,1187.533935546875,1204.0992431640625,1227.589599609375,1200.7532958984375,1221.1285400390625,12655763
2022-12-12,1189.3544921875,1205.9451904296875,1210.5140380859375,1192.97705078125,1193.2078857421875,9479842
2022-12-13,1194.7708740234375,1211.4371337890625,1215.1290283203125,1202.9915771484375,1205.9451904296875,8333348
2022-12-14,1190.4468994140625,1207.0528564453125,1217.875,1204.97607421875,1217.2750244140625,7268947
2022-12-15,1173.5380859375,1189.9080810546875,1206.822021484375,1186.51611328125,1201.0533447265625,8688551
2022-12-16,1167.73486328125,1184.02392578125,1208.5758056640625,1180.5858154296875,1186.51611328125,15837349
2022-12-19,1183.073486328125,1199.5765380859375,1201.74560546875,1184.5316162109375,1191.131103515625,7729933
2022-12-20,1193.3143310546875,1209.9603271484375,1211.8985595703125,1184.2086181640625,1192.469482421875,7467588
2022-12-21,1176.337158203125,1192.746337890625,1215.1290283203125,1188.8697509765625,1209.591064453125,8527550
2022-12-22,1173.287841796875,1189.654296875,1202.0455322265625,1184.5546875,1198.9765625,7451122
2022-12-23,1138.8782958984375,1154.764892578125,1195.515380859375,1150.1729736328125,1182.9625244140625,10257115
2022-12-26,1148.8232421875,1164.8486328125,1173.132568359375,1150.2421875,1160.5567626953125,5990242
2022-12-27,1158.2222900390625,1174.378662109375,1176.270751953125,1160.7874755859375,1167.5946044921875,5763271
2022-12-28,1158.1085205078125,1174.2633056640625,1176.7322998046875,1163.671875,1171.28662109375,7459393
2022-12-29,1157.5850830078125,1173.7325439453125,1176.31689453125,1165.517822265625,1166.2100830078125,6930648
2022-12-30,1159.3599853515625,1175.5323486328125,1189.2850341796875,1172.71728515625,1174.563232421875,7289476
2023-01-02,1172.4229736328125,1188.7774658203125,1190.2081298828125,1175.993896484375,1176.8245849609375,5316175
2023-01-03,1163.84326171875,1180.078125,1187.4390869140625,1175.809326171875,1183.7701416015625,7658932
2023-01-04,1146.320068359375,1162.3104248046875,1181.9241943359375,1160.2105712890625,1180.0550537109375,9264891
2023-01-05,1144.2718505859375,1160.233642578125,1170.5482177734375,1155.5955810546875,1164.5948486328125,13637099
2023-01-06,1154.672119140625,1170.7789306640625,1175.8785400390625,1162.195068359375,1166.048583984375,6349597
2023-01-09,1181.935546875,1198.4227294921875,1200.8226318359375,1173.755615234375,1174.655517578125,10722753
2023-01-10,1164.457763671875,1180.701171875,1202.6685791015625,1174.9786376953125,1202.6685791015625,8047142
2023-01-11,1149.779296875,1165.81787109375,1180.5166015625,1163.4871826171875,1177.9783935546875,11509553
2023-01-12,1124.95068359375,1140.6429443359375,1168.748291015625,1137.5970458984375,1165.2178955078125,17688773
2023-01-13,1123.130126953125,1138.7969970703125,1141.242919921875,1123.5675048828125,1134.5511474609375,20618583
2023-01-16,1112.43408203125,1127.9517822265625,1144.3580322265625,1120.06005859375,1141.150634765625,13623855
2023-01-17,1128.2279052734375,1143.9658203125,1145.904052734375,1130.9515380859375,1134.3665771484375,10751000
2023-01-18,1126.361572265625,1142.0736083984375,1149.6422119140625,1135.451171875,1141.5198974609375,13448286
2023-01-19,1125.155517578125,1140.8507080078125,1145.05029296875,1133.7435302734375,1141.242919921875,11940054
2023-01-20,1111.7740478515625,1127.2825927734375,1142.2120361328125,1124.79052734375,1142.2120361328125,14930286
2023-01-23,1106.1529541015625,1121.5830078125,1138.15087890625,1119.1370849609375,1130.213134765625,10954118
2023-01-24,1099.62158203125,1114.9605712890625,1127.7440185546875,1101.7615966796875,1126.0595703125,16488755
2023-01-25,1084.41943359375,1099.54638671875,1114.3836669921875,1098.36962890625,1113.3453369140625,12385018
2023-01-27,1063.8466796875,1078.6866455078125,1101.7615966796875,1066.8260498046875,1100.4002685546875,25830975
2023-01-30,1074.0421142578125,1089.0242919921875,1094.6314697265625,1061.9111328125,1076.0792236328125,21772103
2023-01-31,1071.356689453125,1086.3013916015625,1101.900146484375,1080.37109375,1099.2926025390625,22691594
2023-02-01,1065.0074462890625,1079.863525390625,1098.3465576171875,1063.757080078125,1098.3465576171875,19347800
2023-02-02,1059.1131591796875,1073.8870849609375,1083.6015625,1066.526123046875,1069.756591796875,13662663
2023-02-03,1060.0462646484375,1074.8331298828125,1084.0631103515625,1058.2191162109375,1084.0631103515625,24699575
2023-02-06,1052.058349609375,1066.7337646484375,1071.14111328125,1064.1263427734375,1068.3720703125,14837879
2023-02-07,1049.5322265625,1064.1724853515625,1074.0947265625,1058.2191162109375,1066.9876708984375,15135435
2023-02-08,1070.491943359375,1085.424560546875,1089.093505859375,1064.68017578125,1067.4490966796875,21160332
2023-02-09,1072.3580322265625,1087.316650390625,1094.1468505859375,1077.140625,1086.1168212890625,13172763
2023-02-10,1063.528076171875,1078.3636474609375,1086.7860107421875,1071.279541015625,1086.7860107421875,10790445
2023-02-13,1057.474609375,1072.2257080078125,1084.524658203125,1067.7030029296875,1080.001953125,10352493
2023-02-14,1082.3941650390625,1097.4927978515625,1099.2464599609375,1072.3641357421875,1075.2716064453125,14321920
2023-02-15,1106.9039306640625,1122.344482421875,1124.7674560546875,1095.13916015625,1096.5235595703125,33503591
2023-02-16,1106.0390625,1121.4676513671875,1137.0433349609375,1119.16015625,1130.4207763671875,17264487
2023-02-17,1110.658935546875,1126.15185546875,1129.5208740234375,1112.491455078125,1116.82958984375,11809520
2023-02-20,1098.9161376953125,1114.2452392578125,1130.5592041015625,1112.2607421875,1128.3670654296875,8836937
2023-02-21,1107.882568359375,1123.3367919921875,1129.19775390625,1113.299072265625,1118.6756591796875,13311592
2023-02-22,1082.75830078125,1097.8619384765625,1121.444580078125,1096.085205078125,1119.5755615234375,11024335
2023-02-23,1077.5694580078125,1092.600830078125,1105.1767578125,1089.7626953125,1097.4466552734375,9851910
2023-02-24,1084.9429931640625,1100.0771484375,1105.8228759765625,1092.8316650390625,1094.6776123046875,9434053
2023-02-27,1077.728759765625,1092.7623291015625,1102.8231201171875,1085.3092041015625,1099.2926025390625,11199715
2023-02-28,1057.1104736328125,1071.8564453125,1092.3701171875,1067.7491455078125,1087.3397216796875,21994038
2023-03-01,1066.8280029296875,1081.70947265625,1082.4478759765625,1072.179443359375,1081.755615234375,11551145
2023-03-02,1058.7034912109375,1073.4716796875,1085.2861328125,1071.41796875,1078.525146484375,9333535
2023-03-03,1085.7166748046875,1100.8616943359375,1104.5767822265625,1080.625,1084.13232421875,14643807
2023-03-06,1096.3216552734375,1111.6146240234375,1118.9525146484375,1107.599609375,1107.599609375,10171916
2023-03-08,1100.2587890625,1115.606689453125,1116.3681640625,1100.6771240234375,1111.6146240234375,15782657
2023-03-09,1073.814453125,1088.79345703125,1115.39892578125,1086.8782958984375,1114.983642578125,16235128
2023-03-10,1057.1787109375,1071.9256591796875,1081.755615234375,1068.3951416015625,1080.6019287109375,13334091
2023-03-13,1039.7919921875,1054.29638671875,1081.755615234375,1049.912109375,1074.8331298828125,12771592
2023-03-14,1035.9005126953125,1050.3505859375,1063.7340087890625,1047.166259765625,1052.2196044921875,16027522
2023-03-15,1018.1951293945312,1032.398193359375,1060.6650390625,1027.9447021484375,1054.11181640625,21728555
2023-03-16,1013.1201171875,1027.25244140625,1040.2205810546875,1016.31494140625,1035.1441650390625,18363159
2023-03-17,1011.8457641601562,1025.9603271484375,1039.2745361328125,1021.1607055664062,1035.9517822265625,34014213
2023-03-20,1001.9006958007812,1015.8765258789062,1024.5296630859375,1006.0696411132812,1022.22216796875,19524589
2023-03-21,1033.0557861328125,1047.4661865234375,1049.45068359375,1023.1451416015625,1024.0450439453125,21400360
2023-03-22,1036.1962890625,1050.6505126953125,1057.5037841796875,1047.6046142578125,1054.527099609375,10920094
2023-03-23,1023.0880737304688,1037.359375,1047.5584716796875,1035.167236328125,1046.681640625,16249370
2023-03-24,1002.833740234375,1016.8225708007812,1038.3746337890625,1014.3766479492188,1036.1824951171875,12375945
2023-03-27,1018.422607421875,1032.62890625,1040.2205810546875,1015.3919677734375,1023.3759155273438,14054323
2023-03-28,1023.1790771484375,1037.45166015625,1041.3743896484375,1032.3751220703125,1036.067138671875,12576424
2023-03-29,1017.1255493164062,1031.313720703125,1035.974853515625,1020.4223022460938,1033.298095703125,18804065
2023-03-31,1060.979248046875,1075.7791748046875,1081.5018310546875,1040.543701171875,1040.68212890625,28171201
2023-04-03,1061.1612548828125,1075.9637451171875,1084.0631103515625,1068.3720703125,1082.2171630859375,10293043
2023-04-05,1058.6124267578125,1073.37939453125,1083.6015625,1065.3955078125,1083.6015625,16262928
2023-04-06,1065.7127685546875,1080.5787353515625,1086.37060546875,1069.8258056640625,1069.8258056640625,18435046
2023-04-10,1058.1572265625,1072.9178466796875,1084.709228515625,1071.3948974609375,1084.524658203125,12961408
2023-04-11,1063.3914794921875,1078.22509765625,1080.37109375,1072.5487060546875,1077.140625,10542367
2023-04-12,1068.07958984375,1082.9786376953125,1092.7392578125,1075.3177490234375,1078.22509765625,18179087
2023-04-13,1072.107666015625,1087.0628662109375,1091.8162841796875,1080.8326416015625,1085.9090576171875,12378208
2023-04-17,1077.546630859375,1092.5777587890625,1119.114013671875,1084.086181640625,1119.114013671875,17929479
2023-04-18,1065.2122802734375,1080.0711669921875,1096.985107421875,1073.4486083984375,1096.985107421875,10405576
2023-04-19,1070.5147705078125,1085.4476318359375,1088.17041015625,1076.3099365234375,1079.47119140625,12273475
2023-04-20,1067.8065185546875,1082.70166015625,1088.6781005859375,1076.2637939453125,1086.416748046875,7007330
2023-04-21,1069.149169921875,1084.0631103515625,1089.60107421875,1078.2481689453125,1084.8245849609375,7647317
2023-04-24,1073.24560546875,1088.2166748046875,1098.784912109375,1083.6015625,1096.0621337890625,12936186
2023-04-25,1081.4610595703125,1096.546630859375,1098.646484375,1084.75537109375,1091.9085693359375,9236126
2023-04-26,1075.1116943359375,1090.1087646484375,1101.184814453125,1086.3936767578125,1097.9080810546875,8617834
2023-04-27,1081.9161376953125,1097.0081787109375,1100.215576171875,1090.985595703125,1096.0621337890625,9167125
2023-04-28,1101.6925048828125,1117.060302734375,1118.6295166015625,1099.17724609375,1099.2926025390625,15565210
2023-05-02,1111.0458984375,1126.544189453125,1128.736328125,1120.5677490234375,1124.305908203125,12981805
2023-05-03,1101.5103759765625,1116.875732421875,1128.3670654296875,1113.6221923828125,1128.3670654296875,7061872
2023-05-04,1114.2091064453125,1129.7515869140625,1131.9898681640625,1114.3375244140625,1117.3603515625,8635233
2023-05-05,1111.3643798828125,1126.8671875,1135.91259765625,1124.213623046875,1126.5211181640625,8746585
2023-05-08,1125.0872802734375,1140.781494140625,1146.2041015625,1127.974853515625,1130.674560546875,9153782
2023-05-09,1128.569091796875,1144.3118896484375,1147.6578369140625,1136.7894287109375,1142.2120361328125,6464721
2023-05-10,1136.3294677734375,1152.1805419921875,1153.680419921875,1145.0733642578125,1149.1346435546875,10872255
2023-05-11,1128.9105224609375,1144.6580810546875,1158.1337890625,1142.9273681640625,1153.2650146484375,10557860
2023-05-12,1130.75390625,1146.527099609375,1147.9346923828125,1133.67431640625,1139.812255859375,6955341
2023-05-15,1132.9840087890625,1148.7884521484375,1155.849365234375,1141.3582763671875,1149.0885009765625,6833343
2023-05-16,1116.84912109375,1132.4283447265625,1153.56494140625,1130.7437744140625,1150.9805908203125,8717229
2023-05-17,1110.2493896484375,1125.736572265625,1137.5970458984375,1120.983154296875,1136.674072265625,8798967
2023-05-18,1107.85986328125,1123.313720703125,1133.9051513671875,1120.1292724609375,1130.4669189453125,10525531
2023-05-19,1111.4554443359375,1126.95947265625,1128.8055419921875,1116.298828125,1123.313720703125,8050447
2023-05-22,1117.3951416015625,1132.9820556640625,1138.05859375,1122.5291748046875,1123.7520751953125,7434906
2023-05-23,1117.1904296875,1132.7744140625,1138.9815673828125,1131.34375,1135.589599609375,6092034
2023-05-24,1110.6817626953125,1126.1749267578125,1137.1356201171875,1123.0367431640625,1128.782470703125,8112254
2023-05-25,1110.545166015625,1126.0364990234375,1130.213134765625,1115.0067138671875,1123.2445068359375,11487863
2023-05-26,1140.83544921875,1156.7493896484375,1157.903076171875,1131.020751953125,1134.3665771484375,12626260
2023-05-29,1147.253173828125,1163.2564697265625,1167.5946044921875,1157.0723876953125,1163.4410400390625,10010304
2023-05-30,1146.957275390625,1162.95654296875,1171.148193359375,1160.3720703125,1163.2564697265625,11342504
2023-05-31,1124.1768798828125,1139.8583984375,1158.29541015625,1135.7510986328125,1153.7496337890625,27107927
2023-06-01,1121.150146484375,1136.7894287109375,1146.781005859375,1134.3665771484375,1144.5888671875,14592692
2023-06-02,1117.4862060546875,1133.0743408203125,1145.8348388671875,1131.1361083984375,1140.3660888671875,15800644
2023-06-05,1127.5223388671875,1143.25048828125,1146.250244140625,1134.57421875,1138.6124267578125,10908682
2023-06-06,1128.4781494140625,1144.2196044921875,1148.0731201171875,1136.212646484375,1146.11181640625,7493309
2023-06-07,1137.0350341796875,1152.8958740234375,1153.7496337890625,1141.1044921875,1147.7501220703125,10312545
2023-06-08,1137.717529296875,1153.5880126953125,1161.52587890625,1149.5960693359375,1156.5185546875,12071109
2023-06-09,1129.6614990234375,1145.4195556640625,1157.6954345703125,1143.5965576171875,1156.9801025390625,5877018
2023-06-12,1130.662841796875,1146.434814453125,1148.765380859375,1137.5970458984375,1142.44287109375,6391969
2023-06-13,1147.3668212890625,1163.371826171875,1164.57177734375,1147.4039306640625,1151.442138671875,11248016
2023-06-14,1161.4765625,1177.6783447265625,1179.132080078125,1161.5950927734375,1163.4410400390625,13277380
2023-06-15,1161.795166015625,1178.00146484375,1182.616455078125,1170.1328125,1177.6552734375,11813494
2023-06-16,1173.105712890625,1189.4697265625,1191.7772216796875,1181.5318603515625,1181.5318603515625,24171579
2023-06-19,1161.453857421875,1177.6552734375,1192.515625,1173.4326171875,1192.515625,6798554
2023-06-20,1163.8660888671875,1180.1011962890625,1183.2855224609375,1169.902099609375,1175.6939697265625,6921096
2023-06-21,1167.1431884765625,1183.424072265625,1185.9853515625,1175.901611328125,1180.0550537109375,6961603
2023-06-22,1154.0347900390625,1170.1328125,1187.5775146484375,1168.517578125,1179.5936279296875,7619166
2023-06-23,1144.5904541015625,1160.5567626953125,1169.1636962890625,1159.28759765625,1167.0869140625,6628570
2023-06-26,1135.8515625,1151.6959228515625,1160.856689453125,1148.53466796875,1156.9801025390625,12641159
2023-06-27,1136.26123046875,1152.111328125,1158.1337890625,1147.588623046875,1152.157470703125,9689466
2023-06-28,1151.303955078125,1167.3638916015625,1171.2174072265625,1152.75732421875,1159.7491455078125,11354006
2023-06-30,1160.748291015625,1176.93994140625,1179.8935546875,1169.186767578125,1175.1632080078125,11151555
2023-07-03,1190.5379638671875,1207.1451416015625,1210.0526123046875,1179.2935791015625,1180.5396728515625,12154387
2023-07-04,1178.271728515625,1194.707763671875,1211.4371337890625,1187.554443359375,1211.4371337890625,8061643
2023-07-05,1176.337158203125,1192.746337890625,1204.0531005859375,1188.7313232421875,1204.0531005859375,10248062
2023-07-06,1201.0291748046875,1217.78271484375,1220.4132080078125,1188.8466796875,1188.8466796875,19117987
2023-07-07,1198.68505859375,1215.406005859375,1229.8740234375,1212.821533203125,1216.0521240234375,13375267
2023-07-10,1244.8602294921875,1262.22509765625,1271.8935546875,1234.5120849609375,1240.9268798828125,33240016
2023-07-11,1258.3553466796875,1275.9085693359375,1278.3544921875,1263.4019775390625,1270.462890625,20069348
2023-07-12,1259.7435302734375,1277.316162109375,1293.12255859375,1274.5009765625,1276.64697265625,18733835
2023-07-13,1248.478515625,1265.89404296875,1291.738037109375,1263.240478515625,1284.7694091796875,14682934
2023-07-14,1247.4317626953125,1264.8326416015625,1274.1549072265625,1257.6331787109375,1269.12451171875,15124144
2023-07-17,1272.9202880859375,1290.6766357421875,1299.1451416015625,1258.9715576171875,1267.7401123046875,22220040
2023-07-18,1283.7301025390625,1301.63720703125,1309.482666015625,1288.968994140625,1300.0450439453125,25867313
2023-07-19,1293.47021484375,1311.5133056640625,1318.0435791015625,1290.8150634765625,1306.0445556640625,39122156
2023-07-20,1291.90380859375,1309.925048828125,1315.4749755859375,1290.0,1290.0,38717624
2023-07-21,1251.9117431640625,1269.375,1307.449951171875,1261.800048828125,1304.5,30249238
2023-07-24,1226.58984375,1243.699951171875,1257.4749755859375,1234.6500244140625,1240.5,23727866
2023-07-25,1225.801025390625,1242.9000244140625,1252.5999755859375,1240.0,1247.0,12026020
2023-07-26,1245.722900390625,1263.0999755859375,1273.5,1242.5,1242.5,12911012
2023-07-27,1234.134765625,1251.3499755859375,1268.824951171875,1245.175048828125,1267.0250244140625,17226898
2023-07-28,1246.5367431640625,1263.925048828125,1271.425048828125,1250.2750244140625,1256.0250244140625,20827852
2023-07-31,1257.0894775390625,1274.625,1276.949951171875,1258.9749755859375,1263.925048828125,8551174
2023-08-01,1239.3125,1256.5999755859375,1279.5,1252.6500244140625,1277.5,9536632
2023-08-02,1226.072265625,1243.175048828125,1256.0,1231.800048828125,1254.5999755859375,12748214
2023-08-03,1220.9189453125,1237.949951171875,1250.449951171875,1229.0250244140625,1237.6500244140625,10168350
2023-08-04,1237.5125732421875,1254.7750244140625,1258.0,1235.800048828125,1249.4000244140625,22885610
2023-08-07,1244.564208984375,1261.925048828125,1264.199951171875,1252.5,1260.5,5982870
2023-08-08,1237.0687255859375,1254.324951171875,1267.2249755859375,1249.7750244140625,1264.0,9844072
2023-08-09,1245.2298583984375,1262.5999755859375,1264.5,1240.550048828125,1252.425048828125,11486586
2023-08-10,1250.7774658203125,1268.2249755859375,1275.0,1254.2249755859375,1262.4749755859375,15470598
2023-08-11,1256.0538330078125,1273.574951171875,1279.425048828125,1256.175048828125,1266.2249755859375,22179330
2023-08-14,1270.8968505859375,1288.625,1291.1500244140625,1262.5,1269.5,9575812
2023-08-16,1269.8612060546875,1287.574951171875,1291.4000244140625,1275.5,1275.5,10203112
2023-08-17,1251.541748046875,1269.0,1289.050048828125,1266.425048828125,1283.550048828125,13673744
2023-08-18,1260.8125,1278.4000244140625,1288.800048828125,1254.2750244140625,1265.625,18639978
2023-08-21,1251.47607421875,1260.0,1277.7249755859375,1257.824951171875,1269.9749755859375,9221746
2023-08-22,1251.1781005859375,1259.699951171875,1268.9749755859375,1249.5,1258.449951171875,7713044
2023-08-23,1252.568603515625,1261.0999755859375,1271.425048828125,1258.4749755859375,1262.0999755859375,9517952
2023-08-24,1231.5120849609375,1239.9000244140625,1269.949951171875,1235.5,1269.949951171875,14140020
2023-08-25,1225.8258056640625,1234.175048828125,1252.5,1221.300048828125,1228.0,22222400
2023-08-28,1213.6090087890625,1221.875,1242.0,1215.550048828125,1236.0,12580826
2023-08-29,1201.9881591796875,1210.175048828125,1226.7249755859375,1204.074951171875,1226.0250244140625,16876644
2023-08-30,1200.845947265625,1209.0250244140625,1221.5,1207.5,1216.0,12168946
2023-08-31,1195.3582763671875,1203.5,1212.5,1199.949951171875,1211.5,21638600
2023-09-01,1198.1641845703125,1206.324951171875,1212.824951171875,1200.824951171875,1203.2750244140625,18112842
2023-09-04,1197.19580078125,1205.3499755859375,1211.824951171875,1202.6500244140625,1206.324951171875,9347626
2023-09-05,1203.6021728515625,1211.800048828125,1216.9749755859375,1206.2249755859375,1210.0,8675876
2023-09-06,1206.1348876953125,1214.3499755859375,1218.074951171875,1208.625,1210.550048828125,8200370
2023-09-07,1207.7738037109375,1216.0,1219.125,1205.5,1210.8499755859375,13652572
2023-09-08,1215.8189697265625,1224.0999755859375,1228.0,1211.4749755859375,1220.0,23109288
2023-09-11,1228.9296875,1237.300048828125,1238.425048828125,1226.0,1226.0,13271074
2023-09-12,1211.1756591796875,1219.425048828125,1241.5,1217.9749755859375,1241.5,16255666
2023-09-13,1217.234375,1225.5250244140625,1231.324951171875,1213.125,1220.0,12803338
2023-09-14,1218.3516845703125,1226.6500244140625,1232.9000244140625,1222.5,1230.0,9209636
2023-09-15,1220.611328125,1228.925048828125,1234.0,1224.75,1234.0,25468592
2023-09-18,1209.983642578125,1218.2249755859375,1225.5,1216.0250244140625,1220.0250244140625,7516300
2023-09-20,1183.017333984375,1191.074951171875,1213.800048828125,1177.5,1211.5250244140625,57081884
2023-09-21,1174.401123046875,1182.4000244140625,1195.050048828125,1180.0,1187.4749755859375,12226182
2023-09-22,1169.5093994140625,1177.4749755859375,1191.2249755859375,1175.0,1188.0,19176786
2023-09-25,1162.308349609375,1170.2249755859375,1180.3499755859375,1167.550048828125,1175.199951171875,14254884
2023-09-26,1163.3265380859375,1171.25,1175.0999755859375,1167.800048828125,1169.2750244140625,10087782
2023-09-27,1176.4371337890625,1184.449951171875,1185.9000244140625,1169.25,1171.75,11722778
2023-09-28,1159.1549072265625,1167.050048828125,1191.5,1162.5,1191.5,14518346
2023-09-29,1164.5679931640625,1172.5,1184.550048828125,1167.050048828125,1170.9000244140625,12342014
2023-10-03,1151.2337646484375,1159.074951171875,1167.800048828125,1158.0,1164.9749755859375,8859056
2023-10-04,1149.247314453125,1157.074951171875,1159.5,1147.550048828125,1154.5,10286386
2023-10-05,1149.22265625,1157.050048828125,1164.699951171875,1154.5,1159.625,10953682
2023-10-06,1151.1593017578125,1159.0,1162.4000244140625,1156.0250244140625,1158.5250244140625,5431026
2023-10-09,1141.3511962890625,1149.125,1155.9749755859375,1147.5,1154.050048828125,7576878
2023-10-10,1146.3917236328125,1154.199951171875,1158.949951171875,1151.875,1153.2750244140625,10236032
2023-10-11,1164.5928955078125,1172.5250244140625,1174.8499755859375,1156.5,1157.2249755859375,9814118
2023-10-12,1166.7530517578125,1174.699951171875,1179.675048828125,1169.074951171875,1171.925048828125,12554450
2023-10-13,1166.7034912109375,1174.6500244140625,1178.75,1164.574951171875,1170.0,10150316
2023-10-16,1164.0963134765625,1172.0250244140625,1177.2750244140625,1168.0,1172.5,5929036
2023-10-17,1169.6583251953125,1177.625,1179.8499755859375,1170.6500244140625,1178.0,7928180
2023-10-18,1154.1390380859375,1162.0,1183.5,1160.5,1177.625,8918320
2023-10-19,1145.2744140625,1153.074951171875,1160.9000244140625,1150.5,1156.0,12032556
2023-10-20,1141.7733154296875,1149.550048828125,1157.3499755859375,1148.1500244140625,1150.0,8913312
2023-10-23,1123.9447021484375,1131.5999755859375,1153.125,1127.625,1145.0,7853962
2023-10-25,1121.33740234375,1128.9749755859375,1140.5999755859375,1121.5,1125.0250244140625,11620688
2023-10-26,1105.7188720703125,1113.25,1129.0,1110.1500244140625,1125.5,15222534
2023-10-27,1125.2359619140625,1132.9000244140625,1136.75,1117.9749755859375,1120.0,11771084
2023-10-30,1148.427978515625,1156.25,1162.5,1134.9749755859375,1137.0,16813304
2023-10-31,1136.211181640625,1143.949951171875,1164.0,1141.449951171875,1164.0,12808438
2023-11-01,1140.928955078125,1148.699951171875,1158.75,1137.5999755859375,1144.574951171875,10309190
2023-11-02,1152.2518310546875,1160.0999755859375,1162.1500244140625,1153.9749755859375,1156.9749755859375,10562104
2023-11-03,1152.0035400390625,1159.8499755859375,1167.4749755859375,1157.875,1163.5999755859375,8850156
2023-11-06,1161.58837890625,1169.5,1170.0,1162.800048828125,1166.1500244140625,10647304
2023-11-07,1154.039794921875,1161.9000244140625,1169.550048828125,1159.7750244140625,1167.0250244140625,6960204
2023-11-08,1160.0487060546875,1167.949951171875,1170.5,1160.875,1166.0,7884494
2023-11-09,1147.4595947265625,1155.2750244140625,1167.949951171875,1152.0999755859375,1167.925048828125,14513610
2023-11-10,1149.6197509765625,1157.449951171875,1158.175048828125,1149.0250244140625,1152.7750244140625,7734954
2023-11-13,1149.470947265625,1157.300048828125,1162.300048828125,1155.8499755859375,1161.449951171875,3854810
2023-11-15,1170.2542724609375,1178.2249755859375,1180.9749755859375,1163.5,1170.0,12220648
2023-11-16,1172.3648681640625,1180.3499755859375,1187.074951171875,1173.4749755859375,1175.550048828125,13134910
2023-11-17,1169.807373046875,1177.7750244140625,1186.625,1176.0250244140625,1176.449951171875,7758634
2023-11-20,1166.7283935546875,1174.675048828125,1179.199951171875,1168.199951171875,1174.2750244140625,4490186
2023-11-21,1181.4033203125,1189.449951171875,1194.0,1180.0999755859375,1183.0,8214450
2023-11-22,1186.0218505859375,1194.0999755859375,1197.2249755859375,1186.0999755859375,1187.5,8534814
2023-11-23,1189.647216796875,1197.75,1200.0,1194.0999755859375,1194.0999755859375,8531542
2023-11-24,1188.8525390625,1196.949951171875,1201.300048828125,1195.5250244140625,1195.800048828125,6749486
2023-11-28,1189.100830078125,1197.199951171875,1199.8499755859375,1187.625,1196.949951171875,13792174
2023-11-29,1192.2296142578125,1200.3499755859375,1205.9749755859375,1199.0250244140625,1204.0,12531306
2023-11-30,1180.6832275390625,1188.7249755859375,1200.3499755859375,1184.949951171875,1197.3499755859375,28439984
2023-12-01,1189.05126953125,1197.1500244140625,1198.199951171875,1188.800048828125,1189.0,14342842
2023-12-04,1201.9136962890625,1210.0999755859375,1225.0,1199.300048828125,1225.0,15590990
2023-12-05,1210.6292724609375,1218.875,1220.425048828125,1210.824951171875,1219.5,12693624
2023-12-06,1222.225341796875,1230.550048828125,1236.4749755859375,1217.5,1223.550048828125,16422442
2023-12-07,1220.2139892578125,1228.5250244140625,1230.4749755859375,1221.0,1230.0,8142096
2023-12-08,1219.568359375,1227.875,1238.3499755859375,1222.5,1231.925048828125,10204894
2023-12-11,1221.3563232421875,1229.675048828125,1233.800048828125,1226.199951171875,1228.0,7066138
2023-12-12,1203.82568359375,1212.0250244140625,1232.4749755859375,1210.074951171875,1230.0,9197124
2023-12-13,1208.7421875,1216.9749755859375,1219.175048828125,1203.1500244140625,1211.0,10031182
2023-12-14,1223.739990234375,1232.074951171875,1237.4749755859375,1221.324951171875,1227.0,16972354
2023-12-15,1239.358642578125,1247.800048828125,1250.0,1235.0250244140625,1239.0,15932152
2023-12-18,1251.97265625,1260.5,1267.449951171875,1245.4749755859375,1247.800048828125,14165188
2023-12-19,1270.397216796875,1279.050048828125,1286.949951171875,1262.5999755859375,1277.5,16820604
2023-12-20,1255.02685546875,1263.574951171875,1299.425048828125,1260.0,1285.5250244140625,17736722
2023-12-21,1272.607177734375,1281.2750244140625,1286.75,1259.125,1263.5,13765454
2023-12-22,1273.8487548828125,1282.5250244140625,1290.449951171875,1273.824951171875,1279.800048828125,16541784
2023-12-26,1280.3048095703125,1289.0250244140625,1295.9749755859375,1281.3499755859375,1284.0,7465664
2023-12-27,1284.675048828125,1293.425048828125,1299.949951171875,1286.550048828125,1291.0,9204156
2023-12-28,1293.9617919921875,1302.7750244140625,1306.0,1293.425048828125,1294.9000244140625,12302636
2023-12-29,1283.7313232421875,1292.4749755859375,1307.0,1289.6500244140625,1305.550048828125,10864584
